imu_ax, imu_ay, kf_ax, kf_ay, kf_vx, kf_w, kf_x, kf_y, stamp, 
-0.0004762565218194405, 0.004394263675656851, -0.0003525136420427362, 4.872076623894722e-06, 0.00025784788308404855, 0.018895158516025554, 1.8714997287376783e-05, 0.0, 0.225, 
-0.02341498850545344, -0.012789019004245141, -0.015019614480936689, -3.656261229511025e-07, -0.00011702552644293022, 0.0031243279484788923, 8.291254393942008e-05, 2.8880844250043903e-08, 0.257, 
-0.016217926757016905, -0.017315329854207227, -0.01574267935001242, 2.999434315412963e-06, -0.000462708023049569, -0.006482347757111701, 0.00015043805541972222, 1.2305291165177177e-07, 0.28300000000000003, 
-0.04316975213537758, 0.05011305388635828, -0.03267383277657156, -1.5391796473144296e-06, -0.0011092587717180975, 0.0013875749162933736, 0.00021538626985136107, 2.0088817713247095e-07, 0.309, 
-0.024137997443758524, -0.03698780440761208, -0.027368308690323695, -0.000748291178304904, -0.0023743286437883817, 0.31515905780884707, 0.00021386106237022864, -7.893998139114592e-07, 0.334, 
-0.017881477680843416, 0.012725521907103333, -0.02139792738125304, 0.001178012693437517, 0.0014826281754875392, 0.7945435766793963, 0.0003675686781192414, -3.691389849998795e-06, 0.36100000000000004, 
-0.034789489556282936, 0.055269423302627706, -0.02915023027759027, 0.02833860380572092, 0.02937858708097809, 0.9646006367702233, 0.0023200087086034963, 0.00011013862453900228, 0.391, 
2.998115832183949, 0.027821928636537888, 1.8406545195727435, 0.04901967460187982, 0.05338129241577727, 0.918293139478048, 0.002100290824943891, 0.00038510026698271847, 0.41200000000000003, 
-0.050252682464249784, 0.03423797254411496, 0.670216151561734, 0.08305087648611278, 0.08690879260733389, 0.9556095993802179, 0.003544635201881384, 0.0008168815310818115, 0.44, 
-0.056536690532198876, 0.058797061779229685, 0.22010223067681556, 0.08360244372860501, 0.08150902257410259, 1.025683305827882, 0.009688158823120616, 0.00318549959533244, 0.457, 
-0.05137648224179561, 0.06282303658396973, 0.05203482786100655, 0.08117986684537494, 0.08068918560595897, 1.0060811276719557, 0.016493118109620473, 0.0065557298057924455, 0.49900000000000005, 
-0.11782790422316775, 0.05629708525064184, -0.05305556202895087, 0.0736903901054543, 0.07544493197007142, 0.9767440725466738, 0.02319748142703258, 0.010755776520978387, 0.519, 
-0.025385050961759255, 0.0691692921112397, -0.03569960369021022, 0.0839253886800634, 0.0840454799186713, 0.9985711160347456, 0.029501783439096423, 0.01564694491184053, 0.544, 
-0.05797494808678069, 0.12560481947879298, -0.04881450954112323, 0.1154031992401595, 0.11383576828284732, 1.013769230716813, 0.03650798926571411, 0.022245798403618844, 0.5950000000000001, 
-0.03351183201490255, 0.13122710210205726, -0.03907501200335465, 0.12407240667830735, 0.12428774196573798, 0.9982674454936192, 0.044330401660320234, 0.03129357486773801, 0.632, 
-0.05726056168366085, 0.12467576427102976, -0.050149246374959704, 0.12777281813190192, 0.12850064055047608, 0.994336040540683, 0.05164818784495871, 0.041734069201764604, 0.647, 
-0.08025368834806763, 0.13915533920433984, -0.0683937188080146, 0.14193104309497317, 0.14132910432996498, 1.0042591281382696, 0.0582629134579277, 0.05350309147322953, 0.6940000000000001, 
-0.10232754769621095, 0.1552528470704324, -0.08897609801029234, 0.15427917584299752, 0.15390054396211134, 1.0024602374438611, 0.0642309861414467, 0.0671345137150351, 0.7270000000000001, 
-0.06334119913168976, 0.18879902816504537, -0.07246423961632877, 0.18015351877858893, 0.18078494974252163, 0.9965072813592504, 0.06937705732712857, 0.08301111353043794, 0.763, 
-0.160081138567632, 0.1579968776679492, -0.12651132992165423, 0.1757114607437671, 0.17633784195067778, 0.9964478344524262, 0.0732066393804687, 0.10086919607955279, 0.8140000000000001, 
-0.1386170774992085, 0.1602636223497865, -0.13370128822261274, 0.17834086053642237, 0.1785450551213439, 0.998856341415993, 0.07523893957490783, 0.1189353900292838, 0.8360000000000001, 
0.011532918951921541, 0.25752049931379667, -0.042987375100900366, 0.21978325401216764, 0.2193293783355038, 1.0020693793057196, 0.07551911696703731, 0.13862387758395903, 0.8720000000000001, 
-0.09567534394934019, 0.20233070984619222, -0.07559302194919423, 0.21093679721017453, 0.2113165757186827, 0.9982027983028943, 0.07358775717350774, 0.16040206087326903, 0.894, 
-0.09586952900026122, 0.2422672877417879, -0.08753512470532568, 0.23408780531973183, 0.2339311877647825, 1.0006695026706178, 0.06945830206368026, 0.1822620035660575, 0.914, 
-0.033726620113727214, 0.23191524290886154, -0.05402776170702985, 0.23980296851109503, 0.239982826033461, 0.9992505400268064, 0.0626790941876595, 0.20517340783325994, 0.9490000000000001, 
0.03187182000069867, 0.30789163026010596, -0.00023459292214583066, 0.27472563079286594, 0.27387938035609544, 1.0030898654570863, 0.053124232522748054, 0.22864528246017987, 0.9840000000000001, 
0.04960313487254152, 0.31753588578252584, 0.030869570421955705, 0.29249771436892397, 0.2911360366140874, 1.0046771185411223, 0.04001990370951042, 0.25335378806083764, 1.031, 
-0.06287575380216286, 0.3201375337975859, -0.026831474556570013, 0.3052077569280983, 0.3038499239512305, 1.0044687619440897, 0.02362805031005154, 0.2779533325491462, 1.08, 
-0.06070005641293065, 0.31441853019225063, -0.04768733780142857, 0.30510086890988225, 0.30419480547033295, 1.0029785631551085, 0.004220432651530755, 0.3015330996502847, 1.115, 
-0.037486342465399836, 0.3050322139964519, -0.04129277952765443, 0.30474461435725847, 0.3045146080650827, 1.0007553210456381, -0.01750394221491394, 0.32310273729265376, 1.1440000000000001, 
-0.03715686515839599, 0.29026548155616316, -0.038685158101891715, 0.3026648269757356, 0.30329989767521354, 0.9979061295294006, -0.04124742100655335, 0.34236766162525134, 1.18, 
-0.03226694422957037, 0.3667830252350407, -0.03405831503765522, 0.33536802609529887, 0.33401157414795035, 1.0040610926456928, -0.0676010922520733, 0.3597420373449761, 1.209, 
-0.03405901149408454, 0.3905889446165303, -0.033605332872584714, 0.3569181107244325, 0.35426109739798767, 1.0075001555235965, -0.09794810038500547, 0.37563751832318315, 1.254, 
-0.05209494821214071, 0.39532003429113616, -0.04475561882677069, 0.3678548154044652, 0.36484163836459577, 1.0082588628134004, -0.13131718820323077, 0.38903430776304015, 1.284, 
-0.04235886363249256, 0.38324913797132537, -0.04314976328117668, 0.36924797652417374, 0.3670535562768794, 1.00597847428466, -0.16662678051953708, 0.39922044316743066, 1.305, 
2.0135652619278064, 0.3879637841603273, 1.2273581959516124, 0.3921956953415142, 0.3916984501693132, 1.0012694591259834, -0.2018987912527543, 0.4054593665422586, 1.33, 
-0.0065166895891165776, 0.39712798395233845, 0.4636818248851595, 0.4189988995011616, 0.42043296593207125, 0.9965890723441954, -0.23868274772854864, 0.40836151891385325, 1.3820000000000001, 
-0.0555603346767475, 0.4431793397595036, 0.1423262494951597, 0.4295108396045618, 0.4276786629279871, 1.0042840030036364, -0.27968599394879046, 0.4074653286717599, 1.4140000000000001, 
0.004641937511305719, 0.46486844367332014, 0.05708335133012221, 0.4457167775369538, 0.4283820022280666, 1.0404656946807451, -0.3214193914751938, 0.4022772805984894, 1.439, 
-0.08077411634306803, 0.44914083130171134, -0.028171154993300473, 0.45074801256725217, 0.4264226444791626, 1.057045207150762, -0.36287261807035276, 0.39279094435190987, 1.465, 
-0.016788615120732518, 0.5055226270069432, -0.02062644198613025, 0.47365019792109375, 0.45093277558870315, 1.0503787339537085, -0.40426260959011534, 0.3787260059999223, 1.5070000000000001, 
0.0011687222846937413, 0.5034835169715974, -0.0068779542254689754, 0.484600965846813, 0.46435165778084647, 1.0436077006007445, -0.44574766441602687, 0.3595385388133706, 1.548, 
-0.0479811584307539, 0.540915066641863, -0.03195610963531775, 0.5064266934766044, 0.4787476289662151, 1.0578155646852145, -0.48599258500730136, 0.3354849646944104, 1.5950000000000002, 
-0.04749197333970269, 0.5330247199903294, -0.041402656805136176, 0.5114332521767186, 0.4831748398807348, 1.0584848588203788, -0.5245283918404725, 0.3065911977596539, 1.6099999999999999, 
0.0354373787931103, 0.5582608218463577, 0.006477798128365235, 0.5287529698533681, 0.5019806778535215, 1.0533333117806951, -0.5605411340912305, 0.27314983289457323, 1.649, 
4.160287631969242, 0.5535143921002983, 2.5720061319437866, 0.5629190095355991, 0.5386681582532906, 1.045020020045264, -0.5914688376915265, 0.23695007442916516, 1.669, 
0.031060556970954313, 0.5480454356509574, 0.9987625218653069, 0.5944235998840307, 0.5718340740351611, 1.0395036372867152, -0.6189170725748435, 0.1974730477970694, 1.697, 
0.02971243390949798, 0.5635992116086699, 0.3983364374739117, 0.5857804518989981, 0.5633429821278537, 1.039829145801007, -0.6449452270080974, 0.15008703296065842, 1.7530000000000001, 
0.04396301416131666, 0.5797047346192664, 0.17868024250250913, 0.5820561396752066, 0.5589094253044413, 1.0414140705502635, -0.6662754476381784, 0.09940630089797858, 1.7890000000000001, 
0.04302728487262375, 0.6322797933884314, 0.09495105061757879, 0.6074655512895198, 0.5779196386757752, 1.0511246039007172, -0.6825305768688108, 0.04586956042036812, 1.834, 
0.032845900801373874, 0.6406989806631603, 0.056527976965923425, 0.6163750611155776, 0.5831364659860455, 1.0569996854395443, -0.6934109252193676, -0.010712748337775458, 1.87, 
0.03786333032786244, 0.6527637696298372, 0.04505752830931436, 0.6263839455627874, 0.5915311456716377, 1.0589196361783741, -0.6983636617357345, -0.0689146569601211, 1.88, 
0.8008905795945147, 0.6229056419199412, 0.5116239097309266, 0.6196841173231186, 0.5892314822967275, 1.0516819551251602, -0.6970442611750652, -0.12713557501352082, 1.908, 
0.05493665884239966, 0.6382758475896707, 0.22903762157830837, 0.6387758329015646, 0.6093677638402962, 1.0482599684563814, -0.6896804232789538, -0.18491475652540065, 1.929, 
3.0544831789033355, 0.6861569015174964, 1.9740150339529392, 0.6823902585094026, 0.6505081453221472, 1.049011089894142, -0.6758055514918873, -0.2420641135070255, 1.9820000000000002, 
0.024648217845519887, 0.7250965811171384, 0.7673573051853728, 0.726128220615852, 0.6911944106986341, 1.0505412216541337, -0.6554943257412481, -0.2995790315700701, 2.014, 
0.04986934057109081, 0.7102290471077252, 0.32267632188932793, 0.7141088173612843, 0.6811023903991655, 1.048460301163787, -0.6268163664493643, -0.35961018610293166, 2.055, 
4.236556414664621, 0.6968706320064386, 2.7391158337547608, 0.7262365289975401, 0.699763098790629, 1.0378319895013954, -0.5929886886193341, -0.4136587672113367, 2.076, 
2.614844674097672, 0.7433690693020961, 2.6583831959897086, 0.7844129214909386, 0.7636174575461805, 1.0272328293954704, -0.5547214525672829, -0.46253715716696975, 2.112, 
0.04721840827816057, 0.7705538862412235, 1.0413471919575956, 0.7954823824716772, 0.7812188458092904, 1.0182580550109628, -0.5066032733295928, -0.5125858457526363, 2.151, 
0.10947331595052281, 0.7337696280767607, 0.46341359357806367, 0.7573093889295746, 0.7523598630940639, 1.0065786681059192, -0.45009755926538547, -0.5602969490143893, 2.196, 
0.8311143229901393, 0.7392192089055033, 0.6893667965486854, 0.7445991995466942, 0.7407442911084601, 1.0052041014483764, -0.3901553918609069, -0.6011139881248959, 2.217, 
0.08683730319246245, 0.7765774339000523, 0.3163275652342724, 0.7642215304757226, 0.7565884906089029, 1.010088760219808, -0.32648693486141733, -0.6357550654486966, 2.257, 
-0.01368217505511523, 0.7876601895810368, 0.1121022892600658, 0.7727171212555207, 0.7640934388622158, 1.0112861620774367, -0.25732995757377514, -0.6648087883622364, 2.287, 
4.1893139279276905, 0.7782206007459199, 2.630037961857575, 0.7941799683639489, 0.7951461785166146, 0.9987848647471735, -0.18733673229879633, -0.6855965142332907, 2.317, 
0.106432254981006, 0.8249702773047387, 1.067758792854373, 0.8429476503141146, 0.844856688190581, 0.9977404003505552, -0.11513689639460657, -0.6996221298349001, 2.332, 
0.11106132133906892, 0.8210773480594418, 0.47472787938079364, 0.8287814043182282, 0.8293396560889715, 0.9993268719677822, -0.0350029844117544, -0.7068530257693717, 2.376, 
0.3874228903574056, 0.8105590185288604, 0.41974879217324784, 0.8180083533792956, 0.8197664793232471, 0.9978553332097662, 0.045667111864364625, -0.7059968712924315, 2.422, 
0.057142332281417005, 0.8419657696278668, 0.19528047750065788, 0.8338568205682256, 0.8310390832347365, 1.0033906195151754, 0.12618395012561956, -0.6971021162496308, 2.46, 
0.05469334901755442, 0.878715642869762, 0.10836116001327005, 0.8546007556349995, 0.8439954214585726, 1.0125656299865928, 0.20720240048557703, -0.6798257383774443, 2.501, 
0.0856465986504823, 0.8773653701337981, 0.09423264311761448, 0.860050823031711, 0.8493421434365027, 1.0126082046887255, 0.28736521707371065, -0.6540826641030045, 2.516, 
0.06184938266139171, 0.9248311637564307, 0.07443035207503831, 0.88726431684902, 0.8683796262602854, 1.0217470447459278, 0.3654622496138261, -0.6199661565966251, 2.559, 
0.10354955821602303, 0.9159083117503106, 0.0924629907864281, 0.894308704486062, 0.8789419715992566, 1.0174832166210532, 0.4412586705667767, -0.5772498595123763, 2.613, 
0.10668216146780934, 0.9264988107053221, 0.10120061875349483, 0.9010295200549472, 0.8859661971493727, 1.0170021417905573, 0.5129429973954953, -0.5265633656665917, 2.645, 
0.07328120332105997, 0.9408745357573642, 0.08396777829476426, 0.9122709377259959, 0.8963902543283899, 1.0177162606587065, 0.5797437674418057, -0.4683167821340076, 2.668, 
0.09590716555536188, 0.9550160273656033, 0.0913930411868071, 0.9242667685303121, 0.9075588425350388, 1.0184097440432665, 0.6410382919481108, -0.40278414054161127, 2.678, 
1.7648837222953058, 0.9335929733031193, 1.1248994832936092, 0.9303793585889752, 0.9265635479786514, 1.0041182395083945, 0.6950607056439867, -0.3313690380530935, 2.721, 
0.05020836077057935, 0.9588543728871681, 0.45977205176553915, 0.9568932888946702, 0.9577428941781491, 0.9991129088102418, 0.7421985777755205, -0.25409331877947555, 2.769, 
0.3972342681773097, 1.0132080712859053, 0.420556179602151, 0.9821012826959192, 0.9705174568042587, 1.0119357213107778, 0.7828159002965485, -0.16907794474754248, 2.8, 
0.06747061919426091, 1.0181446973548187, 0.201926789178318, 0.992936730773855, 0.9799224835651438, 1.013280894588073, 0.815359121932581, -0.07873131467330763, 2.825, 
3.521451021885994, 0.9718167308189622, 2.2515739879158634, 0.9881914462425705, 0.9970832849171667, 0.9910821504992585, 0.8376692649681949, 0.013061796046909185, 2.862, 
0.07665495061611272, 1.032664191788663, 0.9053247392249382, 1.038158895903045, 1.046114686578228, 0.9923949154167734, 0.8508995634139338, 0.10673467575347144, 2.917, 
0.034478855516455784, 1.0841953663879895, 0.36590509515879155, 1.0549290670887228, 1.044221058484342, 1.010254541906982, 0.8548561167544977, 0.20794613850384125, 2.943, 
0.09238805370120724, 1.0239692132074507, 0.19587151224685034, 1.0205848032775737, 1.0200963193101593, 1.0004788606312636, 0.848608527426936, 0.31000033975090846, 2.963, 
0.09522227943822242, 1.0704874561987345, 0.13357787600282195, 1.041054121509875, 1.031083928866686, 1.0096696227766324, 0.8322440765356772, 0.41026138747603896, 3.011, 
0.07378373572157981, 1.0917140935048482, 0.09654431624514781, 1.0554668510061407, 1.0377776176384546, 1.0170453024492274, 0.8056013923319337, 0.5095039369495252, 3.053, 
0.1159824975797434, 1.0924277429772633, 0.10836418828924368, 1.0592454089538688, 1.0372265128907485, 1.0212286282595626, 0.7688646976935231, 0.6059819601539073, 3.09, 
0.4999011492914368, 1.082012712016669, 0.34989748199984394, 1.0590252060179872, 1.0353768987797887, 1.022840288658235, 0.7226639162369867, 0.697688380121817, 3.12, 
-0.355219810562527, 1.1217219274228347, -0.08598902867216163, 1.082327415536486, 1.0426731634623299, 1.038031334711329, 0.6673097070086824, 0.7844090345317789, 3.141, 
-0.45377414724665976, 1.0611162522226327, -0.31342164717330045, 1.048577080367228, 1.0168125517487134, 1.0312393160016426, 0.6026326080012397, 0.8659346030382331, 3.171, 
-0.48861751812190196, 1.0694438163579256, -0.4212158411521275, 1.0444592476720513, 1.0054952812607842, 1.0387510186645634, 0.5309198503835828, 0.9393272486876327, 3.202, 
0.5589453733558878, 1.0656315645721512, 0.18478281706026467, 1.0457777484704613, 1.0043948614358134, 1.0412018107853418, 0.45307608820561374, 1.0039093679714046, 3.232, 
0.5748361381323133, 1.120570905079587, 0.4258403274058821, 1.0859683390650172, 1.0331211599242918, 1.0511529346128174, 0.3696899424314857, 1.0595687237928155, 3.265, 
0.03218869070355397, 1.0974425121845541, 0.18201437719698083, 1.081254225275795, 1.0359811838477737, 1.0437006406427878, 0.279250379381187, 1.1071627031882507, 3.302, 
-0.03217348123618773, 1.0900497112528187, 0.049317539802448185, 1.070512849352811, 1.0311030618637396, 1.0382209974411651, 0.18361219327032863, 1.1452849619367897, 3.361, 
0.10085466621751651, 1.0931576913363568, 0.08102508921707324, 1.0674802833354724, 1.0300084492654908, 1.0363801229948193, 0.08464364944860144, 1.1731895330242859, 3.392, 
0.06791344328258717, 1.141006065437823, 0.07304827917033184, 1.0923760101129525, 1.043587636297152, 1.0467506245943188, -0.016917533831178864, 1.1907318856820295, 3.42, 
0.07093371367048557, 1.1088126943396481, 0.07149523781509941, 1.0795792342135622, 1.0382470874955756, 1.0398095474726412, -0.12062666012946509, 1.1976923280348577, 3.445, 
0.030952413456205752, 1.1440107971127622, 0.04646211877109153, 1.0961313369321788, 1.04461181874383, 1.0493192947503716, -0.22421935535128154, 1.193786130506864, 3.474, 
0.2314873655460209, 1.1309885423585957, 0.1605976727443951, 1.0948318621494715, 1.0431386020271205, 1.0495555049174634, -0.32715031600342165, 1.1790301380042596, 3.511, 
-0.4892705190922769, 1.0866757081836091, -0.2413124390176494, 1.0684767312326788, 1.0262031903480557, 1.041194123427238, -0.42780552445563447, 1.153703605407592, 3.551, 
-0.7536675491446896, 1.1075409600143886, -0.5573850880746195, 1.068573787857361, 1.017080876952883, 1.0506281379104756, -0.5251771581278518, 1.1181037695257612, 3.591, 
0.2839998009264458, 1.1405584365404735, -0.03668915696458852, 1.087367478957343, 1.0222293980227086, 1.0637215883838116, -0.6177747377900003, 1.0727193650557305, 3.6390000000000002, 
0.5400864585610952, 1.1771808479870796, 0.3200012178536559, 1.121853079773731, 1.0469522595053136, 1.0715417724049883, -0.7046712093264861, 1.0180985141674057, 3.665, 
0.5537574542070887, 1.172205773474166, 0.46401572078898057, 1.1278746003895954, 1.0624836726919642, 1.061545348298815, -0.7862541147703527, 0.9537363458277537, 3.681, 
0.003224879771204333, 1.1448744818499141, 0.17856930928753917, 1.1108509335291834, 1.0611712804204723, 1.0468158666045186, -0.8613076879360104, 0.8802806706229287, 3.7190000000000003, 
-0.011270310994567491, 1.1138322680840043, 0.06075496386168648, 1.0847039464934876, 1.0484386136292672, 1.0345898485545897, -0.9283044974426906, 0.7991041829552109, 3.748, 
-0.0420462854235879, 1.1223778248859986, -0.0028914523515532198, 1.081358565697209, 1.0454933734081195, 1.0343045620386624, -0.9861007146566204, 0.711946882866888, 3.7880000000000003, 
-0.034837748678351536, 1.1147887152892337, -0.02268874928592879, 1.0757536707953101, 1.041516826782761, 1.0328720987814537, -1.0345280481164738, 0.6193987186287484, 3.826, 
-0.019257626099715503, 1.097564932014148, -0.02067204737260908, 1.0650194378194395, 1.0340364476598234, 1.029963150940893, -1.0729587444551474, 0.5227865053916025, 3.847, 
-0.004183052611717072, 1.1071266834099793, -0.0104376657293708, 1.069709937571015, 1.0344314099751202, 1.0341042695104776, -1.1010741564763242, 0.42326495933482167, 3.8680000000000003, 
-0.08206975966527454, 1.177620815166346, -0.054284352430910704, 1.1102262780723624, 1.0521637822170589, 1.0551838951659764, -1.1189022148771286, 0.3208462283606563, 3.923, 
0.33093265569947106, 1.1214890560572788, 0.18348591938172462, 1.090382581819684, 1.0425462226035447, 1.0458841614683307, -1.125993860983611, 0.21632617209581997, 3.959, 
-0.058699775668511776, 1.2153889882704103, 0.03409705528582496, 1.1394751316613874, 1.0672784594453983, 1.0676455816914971, -1.1221169377895186, 0.11198735899914151, 3.992, 
-0.4165653782045347, 1.1656480595040457, -0.2445043061924549, 1.1175089303723862, 1.0538361277736625, 1.0604200225449083, -1.1070467386944596, 0.0064072826502342235, 4.021, 
0.4076466917326534, 1.0846983944880881, 0.1581627846441664, 1.0681763031840017, 1.0303432921175346, 1.0367188405611043, -1.0811150327990096, -0.09546003199982188, 4.043, 
0.5598625787653276, 1.02609383629961, 0.4056796078244691, 1.0318985898385944, 1.0204050262338544, 1.0112637269606175, -1.0456746502412178, -0.1910461117357471, 4.092, 
-0.06857184645958012, 1.1328166676173397, 0.11264261546079218, 1.081142176157778, 1.0486898059695982, 1.0309456333068623, -1.0007351469416512, -0.2822787138059893, 4.155, 
0.000507786573344899, 1.0940766990637272, 0.04302132387103716, 1.0654929589766484, 1.04009067032551, 1.024423148265707, -0.9453853411279285, -0.37062498871124594, 4.195, 
-0.03160285201645052, 1.2296403851697124, -0.002540261578046682, 1.1380069237185264, 1.0685596117631349, 1.0649915186676415, -0.8811198031582345, -0.45292009564667784, 4.225, 
0.5333325995172434, 1.0838232490056463, 0.3277497018963229, 1.0778254457313063, 1.038422441977039, 1.0379450618182409, -0.8079219079437332, -0.5287948805570126, 4.242, 
0.01769992327274947, 1.1998211865743913, 0.13624720933159876, 1.1298693342539508, 1.0663876891276367, 1.0595296117664725, -0.7285550376486962, -0.5953786320225937, 4.276, 
-0.05999535283228989, 1.1149067567572366, 0.014437916268865009, 1.0879832495112103, 1.0479506117431805, 1.0382008821021047, -0.6408052109677469, -0.6546106107513963, 4.292, 
-0.03733674733241184, 1.0841326013834465, -0.0178137307947083, 1.0583701533704517, 1.0357875942473032, 1.0218023070063502, -0.5484635648436149, -0.7036814762377591, 4.329, 
0.09214833308150133, 1.119569281543982, 0.05029601200489786, 1.0693126287347565, 1.0451756558060885, 1.0230936998910987, -0.45216154453850554, -0.7427102767165074, 4.378, 
0.023333463572308043, 0.6746496981250338, 0.03130450851014995, 0.8412010304542533, 0.9353321618789134, 0.8993607455606277, -0.3544303450074451, -0.7711564331906153, 4.413, 
0.19684023546588494, 1.107236198551001, 0.13532142188211863, 1.0102144271014597, 1.0278685161578762, 0.9828245648359708, -0.2603112199259459, -0.7886441446102337, 4.438, 
-0.05741889640484994, 0.9875295300013864, 0.01586934308325691, 0.9827679982303337, 1.0191220603216538, 0.9643280589178433, -0.15842336643037386, -0.7980487413047997, 4.464, 
0.0262513844875589, 1.0260373839115455, 0.022400030485615136, 0.9945553789812798, 1.0268218417682589, 0.9685763766658742, -0.05632702871695825, -0.7974466689832751, 4.493, 
0.09122030892179503, 1.1305047058014903, 0.06544812111420485, 1.0528447459298163, 1.0565504898596945, 0.9964926011909092, 0.04647259117608818, -0.7868623484390366, 4.523, 
0.03309004920146419, 1.0206096396046413, 0.04491506625610651, 1.007083051581666, 1.0352685249160432, 0.9727747220590302, 0.1492427262319353, -0.7660102041774517, 4.549, 
0.04756654279793426, 1.0264812339337501, 0.046386181609381454, 1.0011160720743904, 1.0309461022789677, 0.9710653834001252, 0.24781528621809876, -0.7355772720309134, 4.603, 
0.03691946152200237, 1.0131956011546015, 0.04033871797990779, 0.9944590743326253, 1.0247224878272605, 0.9704667225964726, 0.34246962777734224, -0.6959026092494921, 4.633, 
0.029647657813578247, 1.029017914413004, 0.033679529616196774, 1.003450313230408, 1.024893115712807, 0.9790780110104597, 0.4324060336319992, -0.647439815022329, 4.665, 
0.030109573887142804, 0.9979421075718823, 0.031220114050172058, 0.9909127167770344, 1.0146918645292664, 0.976565153832919, 0.5170095818939414, -0.5905845736014439, 4.702, 
0.09185870858436695, 1.032841887572584, 0.0687307602235897, 1.0082931270468338, 1.0204539580911078, 0.9880829204023841, 0.5951616764635953, -0.5261123094945209, 4.7330000000000005, 
0.05744938402973303, 1.0356425420264348, 0.06167555715323356, 1.0144584409447717, 1.0221330389858492, 0.9924915859791674, 0.6669381948257453, -0.4539904147839749, 4.7940000000000005, 
0.059388578105137764, 1.0578263757072603, 0.060262160741273836, 1.0280738853766738, 1.0275376330721766, 1.0005218809387, 0.7314125129646015, -0.3748978263358533, 4.824, 
0.055277952933512946, 1.0511593820139584, 0.05705304312910312, 1.027864137555694, 1.0263989425117752, 1.001427510282048, 0.7879174977327049, -0.2894649942684658, 4.834, 
0.08174701975662543, 1.073410159575409, 0.07229593478765575, 1.041273409918933, 1.031085748230123, 1.0098805183820039, 0.8355763490935618, -0.1988119275908512, 4.86, 
0.06133987125349982, 1.039380522517752, 0.06521616398302878, 1.0278274042202942, 1.0217152210064584, 1.0059822767520434, 0.873907710721297, -0.10378903054200048, 4.911, 
0.06800523769671005, 1.057888472595631, 0.06685590717224872, 1.035927150734076, 1.0232354200519438, 1.0124035294648888, 0.9022792736230361, -0.005984722038167849, 4.958, 
0.08776449356053323, 1.0703080778784553, 0.07970976337174424, 1.0447549207884577, 1.0263839413051206, 1.0178987401731725, 0.9206914998504881, 0.0943884214072877, 4.968, 
0.07053052906404417, 1.0579842649204882, 0.07383841010887847, 1.0403905821321187, 1.0235470323699956, 1.0164560584217828, 0.9288506639046703, 0.19626635870086473, 4.995, 
0.046681653705856835, 1.0897333432917387, 0.057079897965255325, 1.0565697988291025, 1.0307236418916812, 1.0250757389148326, 0.9266077509044661, 0.2984661945758533, 5.051, 
0.07405982074469883, 1.0991858643440442, 0.06753605848981542, 1.0649103996491212, 1.0345158909818175, 1.0293804173838812, 0.913887194088295, 0.40057026183243993, 5.093, 
0.03050249303662777, 1.1147978089762007, 0.044639468665655865, 1.0750944833036538, 1.039256135792466, 1.0344846147902316, 0.8906747800486584, 0.5012453407700169, 5.113, 
0.06048473933590701, 1.104688713665023, 0.05430233729166048, 1.0715004660492111, 1.0373489843507915, 1.0329218828124584, 0.8571035688905168, 0.5993187005900888, 5.139, 
0.03639248184291775, 1.1011121786869242, 0.04311572844722904, 1.0687588573860909, 1.0360514660772335, 1.0315692727434636, 0.8136551840789814, 0.6932460328568231, 5.154, 
0.03307428069285234, 1.0939688110793115, 0.036769357041473785, 1.0658318214359437, 1.0324633195872934, 1.0323193097668484, 0.7608524765371024, 0.7819875828254593, 5.218, 
0.03328362138744534, 1.131426625005825, 0.03466080113645831, 1.0888938876509378, 1.0369083108393138, 1.0501351722888062, 0.6993284565863305, 0.8645500824936374, 5.248, 
0.3993343889287193, 1.122821241833231, 0.25973857560527286, 1.0947041451173596, 1.034223179309563, 1.0584796077072773, 0.6295882090595729, 0.9401554006061901, 5.283, 
0.02598209419079719, 1.1412113188818012, 0.11500060121788483, 1.1096987883653007, 1.037917011709235, 1.069159456725597, 0.5525350480980606, 1.007816311494436, 5.31, 
0.08613518604236402, 1.1670596608594703, 0.09705021920367451, 1.126242966466847, 1.0415571265105783, 1.0813069564796536, 0.46812979673115535, 1.0673194194939173, 5.347, 
0.00680049664284064, 1.1299793371409756, 0.04093375214168819, 1.1077614391507482, 1.031092971061743, 1.0743565034781082, 0.37761716685950425, 1.117578195170342, 5.372, 
0.02712190744402393, 1.1415024793968054, 0.03237942645601483, 1.1085440867006657, 1.0340150024824402, 1.072077372223128, 0.2826042982568467, 1.1576490954771093, 5.413, 
0.8455171578028702, 1.1732083955823331, 0.5347490057520538, 1.1271053258397277, 1.0519933432974127, 1.0713996747421242, 0.1838027290330096, 1.18719416820148, 5.459, 
-0.4118550621358341, 1.129118060039874, -0.050825384094464465, 1.1018574813414355, 1.0505170738565133, 1.0488715593135944, 0.0812331072875354, 1.20640171572027, 5.484, 
-0.07159575793867644, 1.1093195495892567, -0.06380091827866044, 1.077007877435334, 1.0384706394959102, 1.0371096076034758, -0.023442941884160195, 1.2145753487313415, 5.535, 
-0.029682373617652878, 1.0846712330155885, -0.04278208739156168, 1.0562370587186303, 1.03058411492742, 1.0248916545671936, -0.12737152965016177, 1.2118248681261252, 5.561, 
0.2082585804671665, 1.2239260362288074, 0.11306841864119303, 1.1296526249291814, 1.0683455057552653, 1.0573851051402843, -0.23048562613395432, 1.198322955292636, 5.577, 
-0.03394176954845562, 1.1134968648958765, 0.02168918218672157, 1.0853729165097807, 1.0492937918570941, 1.0343841971930778, -0.3337148094931, 1.173797598926441, 5.618, 
-0.019046673771438358, 1.0978670153400043, -0.003699369314925871, 1.066337290060007, 1.0396631732387231, 1.0256564986698429, -0.4324046706552277, 1.1390502900422907, 5.651, 
-0.02513161867340445, 1.055604342204869, -0.017207728518428028, 1.0393609099408012, 1.0256724846475767, 1.0133458053112616, -0.5260820276906519, 1.0947468868641452, 5.671, 
-0.0370053978688677, 1.0872880264046794, -0.029303005904382645, 1.0505185442545462, 1.0303469612648157, 1.019577466375956, -0.6140048202737245, 1.0415660169177592, 5.712, 
-0.03149431614296836, 1.1046834322026564, -0.030494584146937537, 1.0621280896463943, 1.035564950901628, 1.0256508669220976, -0.6965118977978064, 0.979436855693725, 5.76, 
-0.05530797870838049, 1.0894178194803945, -0.04582374134483729, 1.0562191585764495, 1.032341935598365, 1.0231291805115375, -0.7725114234316839, 0.908997719599134, 5.78, 
-0.03166822829279736, 1.0802237363238534, -0.03706387245295231, 1.0498733315033173, 1.0290420534731282, 1.0202433690245032, -0.8407116288538969, 0.8313784575477904, 5.805, 
-0.019211776167164796, 1.1210693069605635, -0.02576458595509256, 1.0708905455326172, 1.0392566765871087, 1.030438937423422, -0.9006255952365729, 0.7472225881319438, 5.855, 
-0.02907756255116095, 1.1064057348404766, -0.027793314101748654, 1.0674699135809511, 1.0377508106743096, 1.0286379953655065, -0.9519872040237564, 0.6567813201449637, 5.89, 
-0.014593893169716987, 1.088652003145773, -0.019688991885984837, 1.0570590056338531, 1.0329716106708269, 1.0233185449766462, -0.9936852235614418, 0.561759375451584, 5.918, 
-0.02547498993887442, 1.1116704077893338, -0.023178470218153887, 1.070614031586737, 1.0344373758005003, 1.034972301496977, -1.0252249717286024, 0.46345082911966184, 5.965, 
0.014285952421882627, 1.2082734859916548, 0.0004824541434136076, 1.1305974329257114, 1.0574148468306508, 1.0692089640261888, -1.0466327471879913, 0.36179516968100645, 6.007, 
-0.09587952497661399, 1.1334050048426867, -0.059339783266221746, 1.102517072744375, 1.0411755375548484, 1.0589156515659062, -1.0575052873078508, 0.2570235275653522, 6.023, 
-0.3952509613825104, 1.0588908939758883, -0.2671708240110868, 1.0521771364004757, 1.015193115941196, 1.0364305272351966, -1.0572460439592848, 0.15296851583029883, 6.058, 
0.34012992886320564, 1.0539577725749474, 0.10823340856893471, 1.0367546904978027, 1.0113692638996294, 1.0251000574214528, -1.0462132738897159, 0.05155690269579208, 6.101, 
0.024367908759963107, 1.1547935457704863, 0.056912452118251446, 1.089573186352407, 1.0455631266001757, 1.0420922071872765, -1.0248605796100694, -0.048109115821016325, 6.126, 
0.02143473255336084, 1.1387095765041861, 0.034957957063658646, 1.0907442609437827, 1.0488858561721546, 1.0399074928175578, -0.9925565345262389, -0.14752610290885057, 6.17, 
0.013221665364609853, 1.0900918208603685, 0.021216720845487945, 1.0646187671997172, 1.0363816547349765, 1.0272458628881862, -0.9501127272429305, -0.24296723359651032, 6.208, 
-0.00132805765553487, 1.0907413677231954, 0.00719565848909233, 1.0594788843628207, 1.0333052225181925, 1.0253300392509799, -0.8985032811467659, -0.3326528407589765, 6.228, 
0.0411928782152847, 1.1073939354855753, 0.028246804886683723, 1.067725383199916, 1.0367650508331812, 1.0298624383044683, -0.8380493792667171, -0.41645126080905237, 6.258, 
0.05666232453407298, 1.1015153033837746, 0.04573590523206433, 1.0664776709976267, 1.0366276605285294, 1.028795305784025, -0.7691869140994438, -0.493765023040347, 6.318, 
0.031244772380778364, 1.0693033261217344, 0.03654071134747089, 1.0483946847490568, 1.0287964857927798, 1.0190496363731014, -0.6929041973313003, -0.5634464300342648, 6.339, 
0.048762676570820604, 1.0564346299896081, 0.04392216361138686, 1.0372768172751485, 1.0241240526865427, 1.0128429408079058, -0.6104424398386371, -0.624522301694284, 6.366, 
0.0360212871322684, 1.0710308037866207, 0.03902738391736909, 1.0423263667968459, 1.027509807768603, 1.014419871144996, -0.5224318905754166, -0.6767682878485353, 6.412, 
0.0798046688642474, 1.0750287250532384, 0.0641814621524597, 1.045188587930578, 1.0300375968725048, 1.014709163145186, -0.42932104874372234, -0.7199556444543106, 6.461, 
0.06497129165356665, 1.0500111333857565, 0.06444299176688265, 1.0322330631956058, 1.024966634107682, 1.0070894298859299, -0.33231401939805694, -0.7534860910139832, 6.509, 
0.07194825862203481, 1.0464480920022527, 0.06892516770606667, 1.0272212578298578, 1.023536391232343, 1.0036001324711847, -0.23283108426148638, -0.77692779583797, 6.514, 
0.044036899623624906, 1.0728904570778797, 0.053565407446650615, 1.0399918018359384, 1.0303708773642342, 1.009337341226409, -0.13142505680307592, -0.7902601458589141, 6.539, 
0.03784810877124922, 1.0483085598927537, 0.04365853927278825, 1.028913305967131, 1.0253855710579514, 1.0034403984303581, -0.02876410421659821, -0.7933573569584571, 6.554, 
0.024889239952286837, 1.0470484927362977, 0.03194890449702552, 1.0262476050443872, 1.023351298070457, 1.0028302177164294, 0.07327200933540708, -0.78612745821469, 6.599, 
0.05935210888347764, 1.0440617789535094, 0.04876520664504662, 1.026024580983083, 1.0207041005489523, 1.0052125590866827, 0.17378424599312642, -0.7687345041385287, 6.638, 
0.07433658172793134, 1.0511919952256112, 0.06448437691759373, 1.0310900750280265, 1.0214028610984591, 1.009484224392273, 0.27182900833920665, -0.7414037695259169, 6.677, 
0.022292649080558617, 1.0775441893388182, 0.038444659392569434, 1.0467601972567997, 1.027757107251512, 1.0184898648437537, 0.3668574534853148, -0.704268233756611, 6.712, 
0.037966799855119006, 1.0972912173048703, 0.03819403125903699, 1.060931417628529, 1.0332666843298444, 1.0267740494474835, 0.45824422367046763, -0.6574034256765567, 6.764, 
0.031051758527515433, 1.0579052837441754, 0.033523259100865926, 1.042590893665161, 1.0238273573237566, 1.0183268557996452, 0.5445515655476634, -0.6013562428671275, 6.795, 
0.04592835528298741, 1.084444590810157, 0.041222198660233154, 1.0529525841448824, 1.02882184049163, 1.0234547350216838, 0.6242321411533074, -0.5371211482274142, 6.834, 
0.015716830554884372, 1.0837642173070834, 0.025410514893561893, 1.0549286220326788, 1.029467574420416, 1.0247322482464756, 0.6972351767095555, -0.4648319509963054, 6.859, 
0.03155967845153121, 1.0890080089029794, 0.02918820625360721, 1.0578504766631935, 1.0308428395936247, 1.0261995679964326, 0.7625426660464493, -0.3853601918056796, 6.904, 
0.02905673797381138, 1.1089945008445354, 0.02916805087637023, 1.0691816724077958, 1.0365738884939704, 1.031457269255741, 0.819509891903062, -0.2994129459595546, 6.92, 
-0.00914716029481642, 1.0825062742153457, 0.005332435375601675, 1.0570885696608763, 1.0305025093091587, 1.0257991223811194, 0.8675009961057641, -0.2078090806152185, 6.952, 
0.04102472316760154, 1.1038083222510153, 0.027422621707082366, 1.0658984647660317, 1.0332532968264576, 1.0315945451515525, 0.9056466329101976, -0.11213150983900902, 6.973, 
-0.011606912004850135, 1.077018419610332, 0.003098372020388363, 1.0567598912789726, 1.0239108358992772, 1.0320819491580484, 0.9337093219183116, -0.013194918040548443, 7.006, 
-0.4291467517693528, 1.0328793655332416, -0.2642013152942999, 1.0318033225872623, 1.0032387215817584, 1.0284723868716583, 0.9513398783275887, 0.0873176950939081, 7.039, 
0.015509906887862319, 1.0414603959240452, -0.09112352372541069, 1.03204459875799, 0.9954936207935066, 1.0367164361488814, 0.9583802422814198, 0.18773113262279453, 7.072, 
0.0012304911182245172, 1.0607721914876922, -0.03375004411293263, 1.0427895361947006, 1.0048849391800485, 1.03772033547003, 0.9551377741895851, 0.28789918773837403, 7.109, 
-0.6223877143567247, 1.1574203766597337, -0.39661039231380657, 1.0915826875161374, 1.0325380084743176, 1.0571840247595965, 0.9414257972606149, 0.38911487652642285, 7.16, 
-0.021285893483089645, 1.14378523886026, -0.16409871603086473, 1.0900382845680954, 1.0336196050010409, 1.0545836004794023, 0.9166391039990767, 0.49074754376274465, 7.19, 
0.0029991872680958202, 1.0953260762177948, -0.06076736728765876, 1.0667593592261697, 1.0267274581926598, 1.0389898027115958, 0.8815639041877439, 0.5885021678715363, 7.221, 
