e, e_dot, e_int, stamp, 
1.4142135562482907, 0.0, 0.1305773640654151, 1729809334192885434, 
1.4142135562482907, 0.0, 0.14153193722543284, 1729809334243503229, 
1.4145719778068389, 0.00011947385284938328, 0.15582218132581338, 1729809334303059048, 
1.4160465001040003, 0.0006109812852365485, 0.1543770248997791, 1729809334352607917, 
1.4187705993980344, 0.0013995405303985169, 0.14164776295034204, 1729809334403060079, 
1.4221412684293089, 0.00203158944176951, 0.13903882026948264, 1729809334450592540, 
1.4258527084767592, 0.002360703026241584, 0.13887542998069882, 1729809334500704625, 
1.4292549511191235, 0.002371227563271535, 0.13210770207708775, 1729809334543250955, 
1.4339473094708577, 0.0026982003313661775, 0.13199582965711776, 1729809334593029739, 
1.4391606700688866, 0.003301906316587703, 0.14535657786343878, 1729809334644606824, 
1.4456596294755422, 0.0039041066682281578, 0.15812716145235411, 1729809334702871603, 
1.4505519346225682, 0.003797088184560519, 0.15868286531312922, 1729809334754412527, 
1.4578628847642596, 0.004067751762905821, 0.2159804117061381, 1729809334851684225, 
1.4613504135278041, 0.003599492968411999, 0.2757029612070355, 1729809334943692463, 
1.4600532347637736, 0.0007301166665046507, 0.3674142479441744, 1729809335103379968, 
1.4547509080916052, -0.0021998351453996388, 0.37892829101366704, 1729809335203460453, 
1.4453768009763381, -0.004892144595811813, 0.29071372004085533, 1729809335303404043, 
1.433889320931607, -0.006953862386666065, 0.2736939411208136, 1729809335392910983, 
1.41626286612859, -0.00970464494924935, 0.286355567999329, 1729809335503394942, 
1.3971112226399112, -0.012259366097231958, 0.29790542128208486, 1729809335603332654, 
1.3750547077125372, -0.013736052805350951, 0.279141454547816, 1729809335703332533, 
1.3536719768846626, -0.014479748585082866, 0.26111479034657076, 1729809335793195753, 
1.3266941810996156, -0.016120175537640558, 0.2692492243174039, 1729809335902509807, 
1.3004175515023666, -0.017751475127431988, 0.27885681278321484, 1729809336003347949, 
1.2744327626341725, -0.01742047282181436, 0.2611847736015677, 1729809336103341637, 
1.245678836406105, -0.018246238365420497, 0.26694542248795156, 1729809336212961915, 
1.2217727754436039, -0.017553329063522877, 0.24953960463825917, 1729809336303406294, 
1.1956027711381512, -0.016692021755984648, 0.23245350679214735, 1729809336403338701, 
1.182666848654662, -0.013035308929647252, 0.18000766502712368, 1729809336453410915, 
1.1471248826174412, -0.01615929617357, 0.2245860946448053, 1729809336594454414, 
1.1195744690259213, -0.021030793209580272, 0.28642185580576396, 1729809336702519162, 
1.094962141359526, -0.01738758041930503, 0.23407370892035925, 1729809336803345502, 
1.0709426680896952, -0.016210600312075368, 0.21997887192794954, 1729809336903383803, 
1.049504969593735, -0.015152390588597001, 0.20352589138998187, 1729809336993236594, 
1.024099995749006, -0.015614224113563058, 0.20872879748653386, 1729809337102517817, 
1.0013382662216141, -0.016055567790706975, 0.21536139602959103, 1729809337203349152, 
0.979235553086286, -0.014954814220906684, 0.20114983056982702, 1729809337303354756, 
0.9601275031416806, -0.013736921026644514, 0.1855056374382735, 1729809337392595475, 
0.936770229435019, -0.01415510788375566, 0.19103040769346358, 1729809337502612289, 
0.916028599835496, -0.014699634435394867, 0.19761384510150662, 1729809337603351629, 
0.8956594895867392, -0.013703579949426578, 0.1839458894240632, 1729809337703393092, 
0.8782116668422464, -0.012605644331083207, 0.16996989687979375, 1729809337792916199, 
0.856942801910335, -0.012905562558801412, 0.17626878309633923, 1729809337904397936, 
0.8380404835672814, -0.013390394424988314, 0.1805029030045596, 1729809338003358361, 
0.8193067534181455, -0.012545349497396496, 0.16678065760765654, 1729809338103397242, 
0.8029730767309108, -0.011689135612123555, 0.15516137749076364, 1729809338192554918, 
0.7836156343898966, -0.011897039676082985, 0.16084222528590061, 1729809338303957359, 
0.766136395779755, -0.012278893650385259, 0.16532259984805667, 1729809338403360591, 
0.749337344331874, -0.011426096686007506, 0.15358937587443527, 1729809338504370676, 
0.7313163294782636, -0.01160668876716379, 0.15733371542166164, 1729809338613438583, 
0.7184174448822515, -0.010306633149874197, 0.13823975912385145, 1729809338692959064, 
0.7010560572124566, -0.010086757421935691, 0.13616495996978578, 1729809338803366429, 
0.6854365954908928, -0.010993616463786235, 0.14764452654940502, 1729809338903387804, 
0.6717224682823756, -0.00977786297669366, 0.13042225414016173, 1729809338993466462, 
0.6554407235312507, -0.009998623986547347, 0.1339177545365765, 1729809339103006857, 
0.6409755787246195, -0.010248963185918688, 0.13770641597063168, 1729809339203369978, 
0.6268265437807081, -0.00953805991684753, 0.12913607486578835, 1729809339304441754, 
0.6141580071064777, -0.0089391905393806, 0.11918042668935269, 1729809339393353429, 
0.599252393753471, -0.009191383342412393, 0.12207166563786193, 1729809339503446017, 
0.5859630825255175, -0.009398308193653393, 0.12596973990302313, 1729809339603376097, 
0.5799588481060081, -0.006431181882487628, 0.08587877639543111, 1729809339649401193, 
0.5594774358303761, -0.008828548898380473, 0.11747283296305282, 1729809339807629388, 
0.5471232786741083, -0.010945189810633268, 0.1456567730162319, 1729809339908490957, 
0.5362135884440866, -0.007754615795429835, 0.10446022464212838, 1729809339998387816, 
0.5244947552443852, -0.007542841143241034, 0.10236494927971393, 1729809340099490340, 
0.5129692582611948, -0.007748110060963949, 0.10449136553959844, 1729809340197586239, 
0.500337288483456, -0.008052488920309705, 0.10663971808518052, 1729809340307527070, 
0.49029707167204023, -0.0075573955297181805, 0.10064058972481664, 1729809340398385017, 
0.4847635433333214, -0.005191248383378218, 0.06928842174712581, 1729809340448414667, 
0.4692238806222299, -0.007024397016603438, 0.09375654357297696, 1729809340593131711, 
0.4638716403898083, -0.006963967647837688, 0.09183803048307197, 1729809340642731647, 
0.4528119957796386, -0.005470628280863772, 0.0740625345895778, 1729809340753450925, 
0.43819601921275475, -0.008558540392351191, 0.11593456048736878, 1729809340899436130, 
0.4270953918649983, -0.008572201304880104, 0.1140631139023144, 1729809341013058282, 
0.4241942550326711, -0.0046672547266945474, 0.06192187838682212, 1729809341043497937, 
0.41364137834147746, -0.004484671174506942, 0.05920052475394938, 1729809341153462439, 
0.400370142421144, -0.007941370870509038, 0.10564867786866274, 1729809341299469957, 
0.391632462403064, -0.007336305312804492, 0.0960921431079221, 1729809341392568206, 
0.38725625969967803, -0.0043712942404886546, 0.056504811535428745, 1729809341443216542, 
0.3774778829562757, -0.004718193148929424, 0.06166682470031497, 1729809341552552482, 
0.36527830916510545, -0.007325983511524192, 0.0969066043922132, 1729809341700487878, 
0.35750499786323464, -0.0066576283643470235, 0.08835010434942456, 1729809341793450112, 
0.3521847861829716, -0.004364507660711281, 0.057148569946503205, 1729809341859976993, 
0.3445695255251522, -0.0043118241126941514, 0.05590812744191387, 1729809341952542264, 
0.3331212492361421, -0.006354512315609832, 0.08255254997017825, 1729809342100450366, 
0.3258652375064897, -0.006234762672887491, 0.08027771768293739, 1729809342192522046, 
0.32229396407278915, -0.0036090950544509872, 0.046555110197417905, 1729809342242780044, 
0.314233756725898, -0.0038771602601972432, 0.05162565251991297, 1729809342353451068, 
0.30765982443970563, -0.004878046544361174, 0.06514055686550575, 1729809342449753406, 
0.30398471176657715, -0.00341634831977361, 0.0453969962835493, 1729809342500544903, 
0.2942433321511666, -0.004472164096179676, 0.05839522932622385, 1729809342643139027, 
0.2871932145040316, -0.005597165754181843, 0.07451443491811546, 1729809342753016032, 
0.28399367424332445, -0.003416552635947386, 0.04638990825949453, 1729809342803948901, 
0.2752097192525809, -0.0039944984171502345, 0.05396899202601132, 1729809342944305759, 
0.2721030689565858, -0.003963535095579544, 0.05225889559616255, 1729809342992539624, 
0.2655330966232068, -0.003225540876458044, 0.04300114427884763, 1729809343103011653, 
0.2591354930070291, -0.004322525316518906, 0.056046624087527516, 1729809343203566046, 
0.25098499398233926, -0.004849367546955845, 0.06198673077507983, 1729809343342758102, 
0.24702563474380387, -0.004036619421075073, 0.0526426359794887, 1729809343412149176, 
0.23910188222890966, -0.0039610372511432, 0.05214784818789411, 1729809343554996454, 
0.23379352276709325, -0.004410703992236874, 0.05767277778416292, 1729809343652478773, 
0.2286811052086754, -0.0034735923400780835, 0.04410753475893535, 1729809343743603972, 
0.2234997993788054, -0.0034312411294292835, 0.043619749203683215, 1729809343843242805, 
0.21766403069922335, -0.0036723581698173504, 0.04708667046099486, 1729809343954488617, 
0.2125138700733081, -0.0036619764351657666, 0.04579654832950107, 1729809344053422294, 
0.20551611874192466, -0.004049303985766232, 0.05085461823995476, 1729809344194484354, 
0.2005608037496037, -0.003984355441234803, 0.0513730058881904, 1729809344302567641, 
0.19604601087730028, -0.0031567026215414593, 0.04195119351159136, 1729809344403500775, 
0.19369048141307268, -0.0022901074455103365, 0.029696653937881897, 1729809344453491527, 
0.1878961111600656, -0.0027166332390782255, 0.03659495125568519, 1729809344593560777, 
0.18298149526514532, -0.0035696620493091227, 0.04704876543485465, 1729809344703499098, 
0.17906608662625892, -0.002943341511268895, 0.03847324116646362, 1729809344803436306, 
0.17506555908957888, -0.0026386453918554784, 0.035796438275951185, 1729809344903437075, 
0.17068630975703875, -0.0027932589564067245, 0.03670809414883027, 1729809345013269604, 
0.1673722853947704, -0.002564424564936163, 0.03423350435638638, 1729809345103584568, 
0.16379724975411697, -0.0022963533343072586, 0.03181247271588164, 1729809345203438592, 
0.16023735652330745, -0.002378309623820981, 0.03290136152567594, 1729809345304444764, 
0.15727097647853863, -0.002175424425192779, 0.03070123140861733, 1729809345394800790, 
0.1531986434147003, -0.002346237702869051, 0.031259068196195346, 1729809345503671054, 
0.15005888498215647, -0.002404030498794054, 0.03202869630289902, 1729809345603443877, 
0.14681110843236603, -0.0021291783274447564, 0.03012659524695153, 1729809345704484393, 
0.1433947271501351, -0.002221385944007124, 0.03079222007307018, 1729809345813264596, 
0.14066248215342103, -0.0020495420929816655, 0.02861727577299607, 1729809345903737445, 
0.13735402161289798, -0.0020135685124123746, 0.026715132926830785, 1729809346003447944, 
0.1344725991749188, -0.0020632943261674106, 0.02759824203988455, 1729809346104457235, 
0.13109530791838903, -0.0020862378981696497, 0.02816655599135649, 1729809346213165167, 
0.1286097464305175, -0.001954284248133764, 0.026178508678148204, 1729809346303696145, 
0.1254812544979416, -0.001871351140149145, 0.02443187568723918, 1729809346403451336, 
0.12230197554424806, -0.0021025902954231505, 0.025193117869321283, 1729809346504495199, 
0.11966850038000802, -0.0019375847059778563, 0.023202465031067047, 1729809346592884095, 
0.11654018657525377, -0.0019205963229980971, 0.023829934733841988, 1729809346703902948, 
0.11340917940320235, -0.0020864403256018924, 0.02453972593734829, 1729809346803454506, 
0.11037982264687171, -0.002053454642794018, 0.022644223552392515, 1729809346903511659, 
0.10765417553819831, -0.0019183346216680118, 0.020965917133737782, 1729809346993223841, 
0.10450219716033368, -0.0019592084955126765, 0.021661274785658206, 1729809347104989277, 
0.10134835560388833, -0.0021019399781033268, 0.02187138587492364, 1729809347202516243, 
