x, y, theta, stamp, 
6.316191303312735e-08, -7.182594430332756e-08, 7.153065335647893e-07, 1729809392597131184, 
6.316191303312735e-08, -7.182594430332756e-08, 7.153065335647893e-07, 1729809392645881704, 
6.316191303312735e-08, -7.182594430332756e-08, 7.153065335647893e-07, 1729809392707139490, 
6.316191303312735e-08, -7.182594430332756e-08, 7.153065335647893e-07, 1729809392756028799, 
0.0011692940024659038, -0.00010634563659550622, -0.007876443611103075, 1729809392806180919, 
0.004115041345357895, -0.0003060210729017854, -0.027790739515156482, 1729809392856083621, 
0.007887668907642365, -0.0006538270972669125, -0.051437895733150746, 1729809392900077180, 
0.012976325117051601, -0.0013179598608985543, -0.08238589668324006, 1729809392946122987, 
0.019306667149066925, -0.0020061717368662357, -0.1247092358952386, 1729809392996130514, 
0.026906678453087807, -0.003171434160321951, -0.17566137720150085, 1729809393046488754, 
0.03631921112537384, -0.0050309100188314915, -0.23364875320224032, 1729809393095520607, 
0.049134835600852966, -0.00848461128771305, -0.3124018009974691, 1729809393156204044, 
0.06046440079808235, -0.012582020834088326, -0.387842492874399, 1729809393206486580, 
0.0834474116563797, -0.02317122370004654, -0.5384678687208211, 1729809393302065919, 
0.10411408543586731, -0.03705068305134773, -0.6887970720321154, 1729809393396022358, 
0.12335747480392456, -0.054696258157491684, -0.851118689766974, 1729809393496000155, 
0.14176253974437714, -0.07811052352190018, -1.023499332670543, 1729809393606136797, 
0.15448486804962158, -0.10116980969905853, -1.1712046870036408, 1729809393702339528, 
0.16361242532730103, -0.12528115510940552, -1.3119242108313653, 1729809393796453555, 
0.16959545016288757, -0.1529669463634491, -1.4573159610487072, 1729809393896569849, 
0.17158806324005127, -0.18527087569236755, -1.6079993683623683, 1729809394006067243, 
0.16932043433189392, -0.21432264149188995, -1.73542636714977, 1729809394103145868, 
0.1636580377817154, -0.24230176210403442, -1.8493411734216723, 1729809394196175477, 
0.15293514728546143, -0.2738490700721741, -1.9673746866997501, 1729809394305875940, 
0.1400759071111679, -0.30126720666885376, -2.063438868860833, 1729809394405986323, 
0.12494190782308578, -0.3268953561782837, -2.1511177963550563, 1729809394504020220, 
0.10890529304742813, -0.3498621881008148, -2.2228525939917096, 1729809394596035032, 
0.09021545946598053, -0.37285926938056946, -2.2894832479656033, 1729809394694488423, 
0.06707793474197388, -0.3978232443332672, -2.3542835889886544, 1729809394807051654, 
0.04587515816092491, -0.4186898171901703, -2.403839809687603, 1729809394904060695, 
0.02514772303402424, -0.4370328187942505, -2.443476942518872, 1729809394996048123, 
0.0021974206902086735, -0.45586517453193665, -2.479172386740211, 1729809395094329756, 
-0.0243252981454134, -0.4759969711303711, -2.513897944956441, 1729809395205996807, 
-0.04740167409181595, -0.4925314784049988, -2.5403451296640407, 1729809395305040447, 
-0.0685250461101532, -0.5067711472511292, -2.563086956985698, 1729809395397034274, 
-0.09163211286067963, -0.5213869214057922, -2.5846862407614646, 1729809395495493136, 
-0.1172914057970047, -0.5370229482650757, -2.6038322013579074, 1729809395608126914, 
-0.13923193514347076, -0.5496525168418884, -2.6159603737092887, 1729809395705074581, 
-0.159988671541214, -0.5613845586776733, -2.625970094697235, 1729809395798051928, 
-0.18132983148097992, -0.5731654763221741, -2.6355152438173444, 1729809395894836450, 
-0.20472487807273865, -0.5861579179763794, -2.644017913059247, 1729809396007011096, 
-0.22548802196979523, -0.5973912477493286, -2.6477863926658882, 1729809396106000707, 
-0.23352596163749695, -0.601630449295044, -2.649435226367736, 1729809396146080542, 
-0.26403573155403137, -0.6178573369979858, -2.6533448322970403, 1729809396295555019, 
-0.28491926193237305, -0.6289024949073792, -2.6564478589105365, 1729809396406092455, 
-0.30279338359832764, -0.6382594704627991, -2.660853156207361, 1729809396506089479, 
-0.3186444640159607, -0.6459780931472778, -2.66044395439714, 1729809396597323556, 
-0.3366667330265045, -0.6552674770355225, -2.6617770522867814, 1729809396696287078, 
-0.35594069957733154, -0.6651339530944824, -2.6632242095444836, 1729809396806013872, 
-0.37207967042922974, -0.6734209656715393, -2.6643726742966503, 1729809396906067143, 
-0.3870082497596741, -0.6811165809631348, -2.664145717160419, 1729809396996068571, 
-0.4038950800895691, -0.689724326133728, -2.6663303004189607, 1729809397095594901, 
-0.42118969559669495, -0.6985794305801392, -2.6663303004189607, 1729809397206087141, 
-0.43627020716667175, -0.7060900926589966, -2.6659017116809514, 1729809397306093848, 
-0.4492436647415161, -0.7130094766616821, -2.6632850530656964, 1729809397397080806, 
-0.46432334184646606, -0.7206390500068665, -2.6638304813140703, 1729809397496203421, 
-0.47949323058128357, -0.728523313999176, -2.6656036644896024, 1729809397606021420, 
-0.4930635988712311, -0.7353569865226746, -2.6656036644896024, 1729809397706050538, 
-0.5047184228897095, -0.7412979006767273, -2.666414211141738, 1729809397798131413, 
-0.5178708434104919, -0.7479474544525146, -2.66709400815619, 1729809397895506700, 
-0.5317570567131042, -0.7550797462463379, -2.6688747106835518, 1729809398006136070, 
-0.543978214263916, -0.7615393996238708, -2.668181005390392, 1729809398106105762, 
-0.5549815893173218, -0.7668992280960083, -2.667348163896107, 1729809398196052121, 
-0.5680024027824402, -0.7737202048301697, -2.6658072086303166, 1729809398305782228, 
-0.5793390870094299, -0.7795259952545166, -2.664650247917533, 1729809398406147495, 
-0.5907164216041565, -0.7851895689964294, -2.665457893897744, 1729809398506056862, 
-0.6000833511352539, -0.789982259273529, -2.6666593433518995, 1729809398596194510, 
-0.6104599237442017, -0.7952966094017029, -2.665947934420581, 1729809398696197833, 
-0.6222813129425049, -0.8013690710067749, -2.665947934420581, 1729809398806149545, 
-0.632140576839447, -0.8063955903053284, -2.6643014069583106, 1729809398907113529, 
-0.6407055258750916, -0.8109379410743713, -2.662923361762194, 1729809398996217215, 
-0.6455153226852417, -0.8133254647254944, -2.662923361762194, 1729809399046129319, 
-0.6547148823738098, -0.8180186748504639, -2.6640944290821666, 1729809399147102979, 
-0.6692184209823608, -0.8256266117095947, -2.66261962671154, 1729809399306095531, 
-0.6772098541259766, -0.8297079801559448, -2.66261962671154, 1729809399396202420, 
-0.6856646537780762, -0.8340790271759033, -2.6632955370043674, 1729809399495889383, 
-0.6948055624961853, -0.8388000130653381, -2.6642269633046363, 1729809399606094164, 
-0.7022814750671387, -0.8426770567893982, -2.664637314736042, 1729809399707160285, 
-0.7093518376350403, -0.846153974533081, -2.6639304258241063, 1729809399796273446, 
-0.7170012593269348, -0.8502854704856873, -2.6639304258241063, 1729809399895815781, 
-0.725144624710083, -0.854384183883667, -2.6637742374704025, 1729809400002080778, 
-0.7324281930923462, -0.8582420349121094, -2.6632764338867556, 1729809400103121236, 
-0.7395321726799011, -0.8618344664573669, -2.6626277063370365, 1729809400200232584, 
-0.7457104325294495, -0.8651451468467712, -2.6627559941235397, 1729809400291696459, 
-0.7528793215751648, -0.8688726425170898, -2.6626508188693983, 1729809400402219933, 
-0.7594076991081238, -0.8721915483474731, -2.662378036079055, 1729809400501101401, 
-0.7657389044761658, -0.8754615783691406, -2.6615199591354095, 1729809400601241870, 
-0.7718039751052856, -0.8785728216171265, -2.66103594196303, 1729809400696232662, 
-0.7783723473548889, -0.8820807337760925, -2.66103594196303, 1729809400806088744, 
-0.7844129204750061, -0.8850128054618835, -2.6607568008024165, 1729809400908103285, 
-0.7896943688392639, -0.8877363801002502, -2.6607568008024165, 1729809400996270836, 
-0.7949398159980774, -0.8906471133232117, -2.6608944730721564, 1729809401096225002, 
-0.8011672496795654, -0.8938724994659424, -2.6600806217564537, 1729809401206358714, 
-0.8062241673469543, -0.8966366052627563, -2.6600806217564537, 1729809401308193674, 
-0.8111109733581543, -0.8990775942802429, -2.659242369871432, 1729809401396300956, 
-0.8159500956535339, -0.9015710353851318, -2.6589427283817146, 1729809401496198266, 
-0.8217043876647949, -0.904471755027771, -2.6592300494302035, 1729809401606420936, 
-0.8256970047950745, -0.906637966632843, -2.6583471036302657, 1729809401702459877, 
-0.8302924633026123, -0.9091076850891113, -2.658362588606717, 1729809401796119057, 
-0.8345171809196472, -0.9112792611122131, -2.6585238279410746, 1729809401897239404, 
-0.8394873738288879, -0.9139381051063538, -2.6578122592397224, 1729809402006142529, 
-0.843437910079956, -0.915847659111023, -2.656946167227283, 1729809402102513393, 
-0.8452067971229553, -0.9168025255203247, -2.656946167227283, 1729809402147432909, 
-0.8513962626457214, -0.9200814962387085, -2.6571391134159463, 1729809402297280886, 
-0.8555707931518555, -0.9223236441612244, -2.656508907939549, 1729809402406130711, 
-0.8593830466270447, -0.924294650554657, -2.6559043855781033, 1729809402503249294, 
-0.8627453446388245, -0.9260581135749817, -2.6548361269455305, 1729809402597401725, 
-0.8663818836212158, -0.9280776977539062, -2.6534574738352457, 1729809402698284381, 
-0.8703436255455017, -0.9300670623779297, -2.653755185543534, 1729809402806206964, 
-0.8735784292221069, -0.9318369030952454, -2.6534843121903644, 1729809402903134707, 
-0.8766108751296997, -0.933639645576477, -2.6533605975485317, 1729809402997141098, 
-0.8800297975540161, -0.9353275299072266, -2.652828939255052, 1729809403093819707, 
-0.8835093379020691, -0.9370629191398621, -2.6529033702821274, 1729809403206084592, 
-0.8864383101463318, -0.9387539029121399, -2.6530762229698537, 1729809403304153489, 
-0.8893870115280151, -0.9401757717132568, -2.6531774972729645, 1729809403396106474, 
-0.8922446966171265, -0.9416235685348511, -2.653254485273808, 1729809403494452493, 
-0.8951277136802673, -0.9433841109275818, -2.6532754934595233, 1729809403607243097, 
-0.897781252861023, -0.9447671175003052, -2.6525786359836956, 1729809403705161084, 
-0.9003300666809082, -0.9459241628646851, -2.652370207424667, 1729809403796368858, 
-0.9032772779464722, -0.9474506378173828, -2.6524751439117233, 1729809403906835905, 
-0.905763566493988, -0.9489080905914307, -2.6528225569153707, 1729809404007094419, 
-0.9083316326141357, -0.9502271413803101, -2.6519754806959037, 1729809404105096932, 
-0.910963773727417, -0.9514949321746826, -2.652023162531003, 1729809404198140565, 
-0.9135463833808899, -0.9528244733810425, -2.6524534115182394, 1729809404294870683, 
